[
    {
        "name": "عدس پخته با آب",
        "calorie": 115,
        "gramsPerUnit": 100,
        "macroNutrition": {
            "protein": 9.0,
            "fat": 0.4,
            "carbohydrate": 20.0,
            "isVegetable": false
        }
    },
    {
        "name": "لوبیا قرمز تیره  پخته با آب",
        "calorie": 127,
        "gramsPerUnit": 100,
        "macroNutrition": {
            "protein": 8.7,
            "fat": 0.5,
            "carbohydrate": 22.8,
            "isVegetable": false
        }
    },
    {
        "name": "لوبیا چشم بلبلی  پخته با آب",
        "calorie": 118,
        "gramsPerUnit": 100,
        "macroNutrition": {
            "protein": 7.8,
            "fat": 0.5,
            "carbohydrate": 21.0,
            "isVegetable": false
        }
    },
    {
        "name": "باقلی  پخته با آب",
        "calorie": 110,
        "gramsPerUnit": 100,
        "macroNutrition": {
            "protein": 7.6,
            "fat": 0.4,
            "carbohydrate": 19.65,
            "isVegetable": false
        }
    },
    {
        "name": "نخود پخته با آب",
        "calorie": 164,
        "gramsPerUnit": 100,
        "macroNutrition": {
            "protein": 8.9,
            "fat": 2.6,
            "carbohydrate": 27.0,
            "isVegetable": false
        }
    },
    {
        "name": "دانه سویا خام",
        "calorie": 446,
        "gramsPerUnit": 100,
        "macroNutrition": {
            "protein": 40.0,
            "fat": 20.0,
            "carbohydrate": 30.0,
            "isVegetable": false
        }
    },
    {
        "name": "مرغ ران",
        "calorie": 162,
        "gramsPerUnit": 150,
        "macroNutrition": {
            "protein": 27.0,
            "fat": 5.7,
            "carbohydrate": 0.0,
            "isVegetable": false
        }
    },
    {
        "name": "مرغ سینه",
        "calorie": 165,
        "gramsPerUnit": 150,
        "macroNutrition": {
            "protein": 31.0,
            "fat": 3.6,
            "carbohydrate": 0.0,
            "isVegetable": false
        }
    },
    {
        "name": "گوشت گاو پخته شده",
        "calorie": 220,
        "gramsPerUnit": 100,
        "macroNutrition": {
            "protein": 27.0,
            "fat": 10.0,
            "carbohydrate": 0.0,
            "isVegetable": false
        }
    },
    {
        "name": "گوشت گاو چرخکرده",
        "calorie": 270,
        "gramsPerUnit": 100,
        "macroNutrition": {
            "protein": 27.0,
            "fat": 15.0,
            "carbohydrate": 0.0,
            "isVegetable": false
        }
    },
    {
        "name": "گوشت گوسفند پخته شده",
        "calorie": 250,
        "gramsPerUnit": 100,
        "macroNutrition": {
            "protein": 25.0,
            "fat": 15.0,
            "carbohydrate": 0.0,
            "isVegetable": false
        }
    },
    {
        "name": "گوشت گوسفند چرخکرده",
        "calorie": 300,
        "gramsPerUnit": 100,
        "macroNutrition": {
            "protein": 24.0,
            "fat": 20.0,
            "carbohydrate": 0.0,
            "isVegetable": false
        }
    },
    {
        "name": "تخم مرغ پخته شده",
        "calorie": 155,
        "gramsPerUnit": 50,
        "macroNutrition": {
            "protein": 12.58,
            "fat": 10.61,
            "carbohydrate": 1.12,
            "isVegetable": false
        }
    },
    {
        "name": "تخم مرغ خام",
        "calorie": 372,
        "gramsPerUnit": 50,
        "macroNutrition": {
            "protein": 12.56,
            "fat": 9.51,
            "carbohydrate": 0.72,
            "isVegetable": false
        }
    },
    {
        "name": "سفیده تخم مرغ",
        "calorie": 52,
        "gramsPerUnit": 25,
        "macroNutrition": {
            "protein": 11.0,
            "fat": 0.5,
            "carbohydrate": 0.73,
            "isVegetable": false
        }
    },
    {
        "name": "زرده تخم مرغ",
        "calorie": 322,
        "gramsPerUnit": 25,
        "macroNutrition": {
            "protein": 16.0,
            "fat": 27.0,
            "carbohydrate": 1.61,
            "isVegetable": false
        }
    },
    {
        "name": "ماهی غزل الا",
        "calorie": 210,
        "gramsPerUnit": 100,
        "macroNutrition": {
            "protein": 21.0,
            "fat": 10.0,
            "carbohydrate": 0.0,
            "isVegetable": false
        }
    },
    {
        "name": "انواع روغن",
        "calorie": 850,
        "gramsPerUnit": 15,
        "macroNutrition": {
            "protein": 0.0,
            "fat": 100.0,
            "carbohydrate": 0.0,
            "isVegetable": false
        }
    },
    {
        "name": "بادام",
        "calorie": 576,
        "gramsPerUnit": 25,
        "macroNutrition": {
            "protein": 21.0,
            "fat": 49.0,
            "carbohydrate": 22.0,
            "isVegetable": false
        }
    },
    {
        "name": "پسته",
        "calorie": 557,
        "gramsPerUnit": 25,
        "macroNutrition": {
            "protein": 20.0,
            "fat": 45.0,
            "carbohydrate": 28.0,
            "isVegetable": false
        }
    },
    {
        "name": "فندق",
        "calorie": 628,
        "gramsPerUnit": 25,
        "macroNutrition": {
            "protein": 15.0,
            "fat": 61.0,
            "carbohydrate": 17.0,
            "isVegetable": false
        }
    },
    {
        "name": "گردو",
        "calorie": 654,
        "gramsPerUnit": 25,
        "macroNutrition": {
            "protein": 15.0,
            "fat": 65.0,
            "carbohydrate": 14.0,
            "isVegetable": false
        }
    },
    {
        "name": "بذر کتان",
        "calorie": 534,
        "gramsPerUnit": 25,
        "macroNutrition": {
            "protein": 18.0,
            "fat": 42.0,
            "carbohydrate": 29.0,
            "isVegetable": false
        }
    },
    {
        "name": "دانه چیا",
        "calorie": 486,
        "gramsPerUnit": 25,
        "macroNutrition": {
            "protein": 17.0,
            "fat": 31.0,
            "carbohydrate": 42.0,
            "isVegetable": false
        }
    },
    {
        "name": "بادام هندی",
        "calorie": 553,
        "gramsPerUnit": 25,
        "macroNutrition": {
            "protein": 18.0,
            "fat": 42.0,
            "carbohydrate": 30.0,
            "isVegetable": false
        }
    },
    {
        "name": "کشمش",
        "calorie": 300,
        "gramsPerUnit": 50,
        "macroNutrition": {
            "protein": 2.0,
            "fat": 1.0,
            "carbohydrate": 75.0,
            "isVegetable": false
        }
    },
    {
        "name": "تخمه آفتابگردان",
        "calorie": 580,
        "gramsPerUnit": 50,
        "macroNutrition": {
            "protein": 21.0,
            "fat": 49.0,
            "carbohydrate": 20.0,
            "isVegetable": false
        }
    },
    {
        "name": "تخمه کدو",
        "calorie": 559,
        "gramsPerUnit": 50,
        "macroNutrition": {
            "protein": 30.0,
            "fat": 49.0,
            "carbohydrate": 10.0,
            "isVegetable": false
        }
    },
    {
        "name": "تخمه ژاپنی",
        "calorie": 600,
        "gramsPerUnit": 50,
        "macroNutrition": {
            "protein": 30.0,
            "fat": 51.16,
            "carbohydrate": 16.53,
            "isVegetable": false
        }
    },
    {
        "name": "کره بادام زمینی",
        "calorie": 588,
        "gramsPerUnit": 25,
        "macroNutrition": {
            "protein": 22.5,
            "fat": 51.0,
            "carbohydrate": 22.0,
            "isVegetable": false
        }
    },
    {
        "name": "گوجه",
        "calorie": 22,
        "gramsPerUnit": 50,
        "macroNutrition": {
            "protein": 0.7,
            "fat": 0.1,
            "carbohydrate": 3.48,
            "isVegetable": true
        }
    },
    {
        "name": "خیار",
        "calorie": 14,
        "gramsPerUnit": 50,
        "macroNutrition": {
            "protein": 0.62,
            "fat": 0.2,
            "carbohydrate": 2.95,
            "isVegetable": true
        }
    },
    {
        "name": "بادمجان",
        "calorie": 25,
        "gramsPerUnit": 100,
        "macroNutrition": {
            "protein": 0.98,
            "fat": 0.18,
            "carbohydrate": 5.88,
            "isVegetable": true
        }
    },
    {
        "name": "کدو",
        "calorie": 17,
        "gramsPerUnit": 75,
        "macroNutrition": {
            "protein": 1.2,
            "fat": 0.2,
            "carbohydrate": 3.11,
            "isVegetable": true
        }
    },
    {
        "name": "پیاز قرمز",
        "calorie": 44,
        "gramsPerUnit": 50,
        "macroNutrition": {
            "protein": 1.0,
            "fat": 0.1,
            "carbohydrate": 9.93,
            "isVegetable": true
        }
    },
    {
        "name": "پیاز سفید",
        "calorie": 31,
        "gramsPerUnit": 50,
        "macroNutrition": {
            "protein": 0.89,
            "fat": 0.1,
            "carbohydrate": 7.68,
            "isVegetable": true
        }
    },
    {
        "name": "لبو",
        "calorie": 44,
        "gramsPerUnit": 100,
        "macroNutrition": {
            "protein": 1.7,
            "fat": 0.2,
            "carbohydrate": 10.0,
            "isVegetable": true
        }
    },
    {
        "name": "کدو حلوایی",
        "calorie": 45,
        "gramsPerUnit": 200,
        "macroNutrition": {
            "protein": 1.0,
            "fat": 0.1,
            "carbohydrate": 11.7,
            "isVegetable": true
        }
    },
    {
        "name": "لوبیا سبز",
        "calorie": 40,
        "gramsPerUnit": 50,
        "macroNutrition": {
            "protein": 1.97,
            "fat": 0.28,
            "carbohydrate": 7.41,
            "isVegetable": true
        }
    },
    {
        "name": "لیموترش",
        "calorie": 29,
        "gramsPerUnit": 50,
        "macroNutrition": {
            "protein": 1.1,
            "fat": 0.3,
            "carbohydrate": 9.32,
            "isVegetable": true
        }
    },
    {
        "name": "فلفل سبز",
        "calorie": 40,
        "gramsPerUnit": 25,
        "macroNutrition": {
            "protein": 2.0,
            "fat": 0.2,
            "carbohydrate": 9.46,
            "isVegetable": true
        }
    },
    {
        "name": "فلفل دلمه‌ای",
        "calorie": 23,
        "gramsPerUnit": 25,
        "macroNutrition": {
            "protein": 0.72,
            "fat": 0.1,
            "carbohydrate": 4.78,
            "isVegetable": true
        }
    },
    {
        "name": "کاهو",
        "calorie": 21,
        "gramsPerUnit": 100,
        "macroNutrition": {
            "protein": 0.98,
            "fat": 0.07,
            "carbohydrate": 4.06,
            "isVegetable": true
        }
    },
    {
        "name": "کاهو‌پیچ",
        "calorie": 17,
        "gramsPerUnit": 100,
        "macroNutrition": {
            "protein": 0.74,
            "fat": 0.07,
            "carbohydrate": 3.37,
            "isVegetable": true
        }
    },
    {
        "name": "کرفس",
        "calorie": 15,
        "gramsPerUnit": 100,
        "macroNutrition": {
            "protein": 0.49,
            "fat": 0.16,
            "carbohydrate": 3.32,
            "isVegetable": true
        }
    },
    {
        "name": "اسفناج",
        "calorie": 22,
        "gramsPerUnit": 200,
        "macroNutrition": {
            "protein": 2.91,
            "fat": 0.6,
            "carbohydrate": 2.64,
            "isVegetable": true
        }
    },
    {
        "name": "بروکلی",
        "calorie": 32,
        "gramsPerUnit": 100,
        "macroNutrition": {
            "protein": 2.57,
            "fat": 0.34,
            "carbohydrate": 6.27,
            "isVegetable": true
        }
    },
    {
        "name": "هویج",
        "calorie": 48,
        "gramsPerUnit": 100,
        "macroNutrition": {
            "protein": 0.94,
            "fat": 0.35,
            "carbohydrate": 10.3,
            "isVegetable": true
        }
    },
    {
        "name": "سبزی‌خوردن",
        "calorie": 36,
        "gramsPerUnit": 100,
        "macroNutrition": {
            "protein": 0.0,
            "fat": 0.7,
            "carbohydrate": 7.0,
            "isVegetable": true
        }
    },
    {
        "name": "جوانه گندم",
        "calorie": 360,
        "gramsPerUnit": 50,
        "macroNutrition": {
            "protein": 23.2,
            "fat": 9.72,
            "carbohydrate": 51.8,
            "isVegetable": true
        }
    },
    {
        "name": "سیر",
        "calorie": 140,
        "gramsPerUnit": 25,
        "macroNutrition": {
            "protein": 6.62,
            "fat": 0.38,
            "carbohydrate": 28.2,
            "isVegetable": true
        }
    },
    {
        "name": "نخود‌سبز",
        "calorie": 84,
        "gramsPerUnit": 50,
        "macroNutrition": {
            "protein": 5.36,
            "fat": 0.22,
            "carbohydrate": 15.6,
            "isVegetable": true
        }
    },
    {
        "name": "قارچ",
        "calorie": 31,
        "gramsPerUnit": 25,
        "macroNutrition": {
            "protein": 2.89,
            "fat": 0.37,
            "carbohydrate": 4.08,
            "isVegetable": true
        }
    },
    {
        "name": "نان سنگک",
        "calorie": 259,
        "gramsPerUnit": 25,
        "macroNutrition": {
            "protein": 8.7,
            "fat": 0.41,
            "carbohydrate": 55.1,
            "isVegetable": false
        }
    },
    {
        "name": "سیب زمینی",
        "calorie": 87,
        "gramsPerUnit": 100,
        "macroNutrition": {
            "protein": 1.81,
            "fat": 0.26,
            "carbohydrate": 16.0,
            "isVegetable": false
        }
    },
    {
        "name": "برنج",
        "calorie": 130,
        "gramsPerUnit": 100,
        "macroNutrition": {
            "protein": 2.7,
            "fat": 0.3,
            "carbohydrate": 28.4,
            "isVegetable": false
        }
    },
    {
        "name": "ماکارونی",
        "calorie": 356,
        "gramsPerUnit": 100,
        "macroNutrition": {
            "protein": 12.5,
            "fat": 0.54,
            "carbohydrate": 74.0,
            "isVegetable": false
        }
    },
    {
        "name": "برنج قهوه‌ای",
        "calorie": 109,
        "gramsPerUnit": 100,
        "macroNutrition": {
            "protein": 2.3,
            "fat": 0.8,
            "carbohydrate": 23.0,
            "isVegetable": false
        }
    },
    {
        "name": "لپه پخته با آب",
        "calorie": 118,
        "gramsPerUnit": 100,
        "macroNutrition": {
            "protein": 8.3,
            "fat": 0.39,
            "carbohydrate": 21.1,
            "isVegetable": false
        }
    },
    {
        "name": "جو پخته با آب",
        "calorie": 115,
        "gramsPerUnit": 100,
        "macroNutrition": {
            "protein": 2.1,
            "fat": 0.4,
            "carbohydrate": 24.6,
            "isVegetable": false
        }
    },
    {
        "name": "جو دوسرخام",
        "calorie": 379,
        "gramsPerUnit": 100,
        "macroNutrition": {
            "protein": 13.5,
            "fat": 5.9,
            "carbohydrate": 68.7,
            "isVegetable": false
        }
    },
    {
        "name": "گندم پخته",
        "calorie": 186,
        "gramsPerUnit": 100,
        "macroNutrition": {
            "protein": 3.9,
            "fat": 8.0,
            "carbohydrate": 22.8,
            "isVegetable": false
        }
    },
    {
        "name": "گندم بوداده",
        "calorie": 312,
        "gramsPerUnit": 100,
        "macroNutrition": {
            "protein": 14.4,
            "fat": 2.4,
            "carbohydrate": 67.2,
            "isVegetable": false
        }
    },
    {
        "name": "ذرت پخته با آب",
        "calorie": 96,
        "gramsPerUnit": 100,
        "macroNutrition": {
            "protein": 3.41,
            "fat": 1.5,
            "carbohydrate": 21.0,
            "isVegetable": false
        }
    },
    {
        "name": "ذرت بوداده با روغن",
        "calorie": 500,
        "gramsPerUnit": 100,
        "macroNutrition": {
            "protein": 9.0,
            "fat": 28.1,
            "carbohydrate": 58.1,
            "isVegetable": false
        }
    },
    {
        "name": "ذرت بوداده بدون روغن",
        "calorie": 382,
        "gramsPerUnit": 100,
        "macroNutrition": {
            "protein": 12.0,
            "fat": 4.2,
            "carbohydrate": 77.9,
            "isVegetable": false
        }
    },
    {
        "name": "بادام زمینی",
        "calorie": 587,
        "gramsPerUnit": 25,
        "macroNutrition": {
            "protein": 24.4,
            "fat": 49.7,
            "carbohydrate": 21.3,
            "isVegetable": false
        }
    },
    {
        "name": "بلغور گندم پخته شده",
        "calorie": 83,
        "gramsPerUnit": 50,
        "macroNutrition": {
            "protein": 3.1,
            "fat": 0.2,
            "carbohydrate": 19.0,
            "isVegetable": false
        }
    },
    {
        "name": "بلغور جو خام",
        "calorie": 350,
        "gramsPerUnit": 50,
        "macroNutrition": {
            "protein": 10.0,
            "fat": 2.0,
            "carbohydrate": 66.0,
            "isVegetable": false
        }
    },
    {
        "name": "ماش",
        "calorie": 106,
        "gramsPerUnit": 50,
        "macroNutrition": {
            "protein": 7.0,
            "fat": 0.4,
            "carbohydrate": 19.5,
            "isVegetable": false
        }
    },
    {
        "name": "پنیر سفید",
        "calorie": 200,
        "gramsPerUnit": 25,
        "macroNutrition": {
            "protein": 25.0,
            "fat": 15.0,
            "carbohydrate": 5.0,
            "isVegetable": false
        }
    },
    {
        "name": "شیر پر چرب",
        "calorie": 61,
        "gramsPerUnit": 100,
        "macroNutrition": {
            "protein": 3.2,
            "fat": 3.6,
            "carbohydrate": 4.7,
            "isVegetable": false
        }
    },
    {
        "name": "شیر کم چرب (بسته بندی)",
        "calorie": 50,
        "gramsPerUnit": 100,
        "macroNutrition": {
            "protein": 3.4,
            "fat": 2.0,
            "carbohydrate": 4.7,
            "isVegetable": false
        }
    },
    {
        "name": "ماست پر چرب",
        "calorie": 70,
        "gramsPerUnit": 100,
        "macroNutrition": {
            "protein": 4.3,
            "fat": 3.5,
            "carbohydrate": 4.0,
            "isVegetable": false
        }
    },
    {
        "name": "ماست کم چرب",
        "calorie": 50,
        "gramsPerUnit": 100,
        "macroNutrition": {
            "protein": 5.3,
            "fat": 1.5,
            "carbohydrate": 5.0,
            "isVegetable": false
        }
    },
    {
        "name": "انگور سبز",
        "calorie": 72,
        "gramsPerUnit": 50,
        "macroNutrition": {
            "protein": 0.9,
            "fat": 0.23,
            "carbohydrate": 18.6,
            "isVegetable": true
        }
    },
    {
        "name": "انگور قرمز",
        "calorie": 77,
        "gramsPerUnit": 50,
        "macroNutrition": {
            "protein": 0.91,
            "fat": 0.16,
            "carbohydrate": 20.2,
            "isVegetable": true
        }
    },
    {
        "name": "خرمالو",
        "calorie": 70,
        "gramsPerUnit": 50,
        "macroNutrition": {
            "protein": 0.58,
            "fat": 0.19,
            "carbohydrate": 18.6,
            "isVegetable": true
        }
    },
    {
        "name": "انار",
        "calorie": 83,
        "gramsPerUnit": 100,
        "macroNutrition": {
            "protein": 1.67,
            "fat": 1.17,
            "carbohydrate": 18.7,
            "isVegetable": true
        }
    },
    {
        "name": "سیب",
        "calorie": 55,
        "gramsPerUnit": 75,
        "macroNutrition": {
            "protein": 0.13,
            "fat": 0.15,
            "carbohydrate": 14.8,
            "isVegetable": true
        }
    },
    {
        "name": "لیمو شیرین",
        "calorie": 43,
        "gramsPerUnit": 50,
        "macroNutrition": {
            "protein": 0.8,
            "fat": 0.3,
            "carbohydrate": 9.3,
            "isVegetable": true
        }
    },
    {
        "name": "پرتقال",
        "calorie": 47,
        "gramsPerUnit": 100,
        "macroNutrition": {
            "protein": 0.91,
            "fat": 0.15,
            "carbohydrate": 11.8,
            "isVegetable": true
        }
    },
    {
        "name": "به",
        "calorie": 57,
        "gramsPerUnit": 100,
        "macroNutrition": {
            "protein": 0.4,
            "fat": 0.1,
            "carbohydrate": 15.3,
            "isVegetable": true
        }
    },
    {
        "name": "خرما ",
        "calorie": 282,
        "gramsPerUnit": 15,
        "macroNutrition": {
            "protein": 2.45,
            "fat": 0.39,
            "carbohydrate": 75.0,
            "isVegetable": true
        }
    },
    {
        "name": "نارنگی",
        "calorie": 53,
        "gramsPerUnit": 50,
        "macroNutrition": {
            "protein": 0.81,
            "fat": 31.0,
            "carbohydrate": 13.3,
            "isVegetable": true
        }
    },
    {
        "name": "کیوی",
        "calorie": 64,
        "gramsPerUnit": 50,
        "macroNutrition": {
            "protein": 1.06,
            "fat": 0.44,
            "carbohydrate": 14.0,
            "isVegetable": true
        }
    },
    {
        "name": "گریپ فروت",
        "calorie": 42,
        "gramsPerUnit": 100,
        "macroNutrition": {
            "protein": 0.77,
            "fat": 0.14,
            "carbohydrate": 10.7,
            "isVegetable": true
        }
    },
    {
        "name": "آب نارگیل",
        "calorie": 19,
        "gramsPerUnit": 25,
        "macroNutrition": {
            "protein": 0.72,
            "fat": 0.2,
            "carbohydrate": 3.71,
            "isVegetable": true
        }
    },
    {
        "name": "گوشت نارگیل",
        "calorie": 354,
        "gramsPerUnit": 50,
        "macroNutrition": {
            "protein": 3.33,
            "fat": 33.5,
            "carbohydrate": 15.2,
            "isVegetable": true
        }
    },
    {
        "name": "آناناس",
        "calorie": 54,
        "gramsPerUnit": 50,
        "macroNutrition": {
            "protein": 0.46,
            "fat": 0.21,
            "carbohydrate": 14.1,
            "isVegetable": true
        }
    },
    {
        "name": "موز رسیده",
        "calorie": 88,
        "gramsPerUnit": 100,
        "macroNutrition": {
            "protein": 0.74,
            "fat": 0.29,
            "carbohydrate": 23.0,
            "isVegetable": true
        }
    },
    {
        "name": "موز خیلی‌رسیده",
        "calorie": 77,
        "gramsPerUnit": 100,
        "macroNutrition": {
            "protein": 0.73,
            "fat": 0.22,
            "carbohydrate": 20.0,
            "isVegetable": true
        }
    },
    {
        "name": "گلابی",
        "calorie": 57,
        "gramsPerUnit": 50,
        "macroNutrition": {
            "protein": 0.38,
            "fat": 0.16,
            "carbohydrate": 15.1,
            "isVegetable": true
        }
    },
    {
        "name": "زیتون",
        "calorie": 116,
        "gramsPerUnit": 10,
        "macroNutrition": {
            "protein": 1.6,
            "fat": 10.9,
            "carbohydrate": 6.04,
            "isVegetable": true
        }
    }
]